{
  "channels": {
    "K3pi": {
      "modelParameters": {
        "cr_f": 0.7276326039288799,
        "cr_scf_f": 0.8786100296356557,
        "scf_dt_S_main": 92.743229,
        "scf_dt_S_tail": 0.0,
        "scf_dt_f_delta": 0.0,
        "scf_dt_f_tail": 0.0,
        "scf_dt_mu_delta": 0.0,
        "scf_dt_mu_lifetime": -0.235812,
        "scf_dt_tau": 1.588845,
        "scf_f": 0.10053072153488295
      }
    },
    "Kpi": {
      "modelParameters": {
        "cr_f": 0.7642922693294197,
        "cr_scf_f": 0.8899620763214032,
        "scf_dt_S_main": 102.87486,
        "scf_dt_S_tail": 0.0,
        "scf_dt_f_delta": 0.0,
        "scf_dt_f_tail": 0.0,
        "scf_dt_mu_delta": 0.0,
        "scf_dt_mu_lifetime": -0.212591,
        "scf_dt_tau": 1.54418,
        "scf_f": 0.09449968334407965
      }
    },
    "Kpipi0": {
      "modelParameters": {
        "cr_f": 0.6526657945342084,
        "cr_scf_f": 0.8318766744257543,
        "scf_dt_S_main": 95.95815,
        "scf_dt_S_tail": 0.0,
        "scf_dt_f_delta": 0.0,
        "scf_dt_f_tail": 0.0,
        "scf_dt_mu_delta": 0.0,
        "scf_dt_mu_lifetime": -0.239135,
        "scf_dt_tau": 1.587876,
        "scf_f": 0.13190458061754656
      }
    }
  },
  "fitRanges": {
    "dt": {
      "max": 10,
      "min": -10
    },
    "thetab": {
      "max": 2.95,
      "min": 0.5
    },
    "thetat": {
      "max": 3.1415,
      "min": 0
    }
  },
  "modelParameters": {
    "bkg_dt_S_main": 97.849749,
    "bkg_dt_S_tail": 0.0,
    "bkg_dt_f_delta": 0.11385,
    "bkg_dt_f_tail": 0.0,
    "bkg_dt_mu_delta": 0.037719,
    "bkg_dt_mu_lifetime": -0.136895,
    "bkg_dt_tau": 1.572101
  }
}
