{
  "channels": {
    "K3pi": {
      "modelParameters": {
        "cr_f": 0.6872084001333688,
        "cr_scf_f": 0.8786221423092467,
        "scf_dt_S_main": 92.743229,
        "scf_dt_S_tail": 0.0,
        "scf_dt_f_delta": 0.0,
        "scf_dt_f_tail": 0.0,
        "scf_dt_mu_delta": 0.0,
        "scf_dt_mu_lifetime": -0.235812,
        "scf_dt_tau": 1.588845,
        "scf_f": 0.0949349340148797
      }
    },
    "Kpi": {
      "modelParameters": {
        "cr_f": 0.7248193015484171,
        "cr_scf_f": 0.8899585069613845,
        "scf_dt_S_main": 102.87486,
        "scf_dt_S_tail": 0.0,
        "scf_dt_f_delta": 0.0,
        "scf_dt_f_tail": 0.0,
        "scf_dt_mu_delta": 0.0,
        "scf_dt_mu_lifetime": -0.212591,
        "scf_dt_tau": 1.54418,
        "scf_f": 0.08962233770874468
      }
    },
    "Kpipi0": {
      "modelParameters": {
        "cr_f": 0.6167769502976133,
        "cr_scf_f": 0.8318664446670551,
        "scf_dt_S_main": 95.95815,
        "scf_dt_S_tail": 0.0,
        "scf_dt_f_delta": 0.0,
        "scf_dt_f_tail": 0.0,
        "scf_dt_mu_delta": 0.0,
        "scf_dt_mu_lifetime": -0.239135,
        "scf_dt_tau": 1.587876,
        "scf_f": 0.12466052093993903
      }
    }
  },
  "fitRanges": {
    "dt": {
      "max": 10,
      "min": -10
    },
    "thetab": {
      "max": 2.95,
      "min": 0.5
    },
    "thetat": {
      "max": 3.1415,
      "min": 0
    }
  },
  "modelParameters": {
    "bkg_dt_S_main": 96.169654,
    "bkg_dt_S_tail": 0.0,
    "bkg_dt_f_delta": 0.229635,
    "bkg_dt_f_tail": 0.0,
    "bkg_dt_mu_delta": 0.023308,
    "bkg_dt_mu_lifetime": -0.168238,
    "bkg_dt_tau": 1.57526
  }
}
